{
    "name": "root",
    "gauges": {
        "TetrisAgent.Policy.Entropy.mean": {
            "value": 1.0445070266723633,
            "min": 0.9575549364089966,
            "max": 1.4198427200317383,
            "count": 500
        },
        "TetrisAgent.Policy.ExtrinsicValueEstimate.mean": {
            "value": -12779.310546875,
            "min": -26180.609375,
            "max": -246.54827880859375,
            "count": 500
        },
        "TetrisAgent.Environment.EpisodeLength.mean": {
            "value": 1059.357142857143,
            "min": 657.0,
            "max": 1862.75,
            "count": 500
        },
        "TetrisAgent.Losses.PolicyLoss.mean": {
            "value": 0.1400683543140293,
            "min": 0.11617575242741511,
            "max": 0.21758887677698954,
            "count": 500
        },
        "TetrisAgent.Losses.ValueLoss.mean": {
            "value": 2169912.547607057,
            "min": 687805.6871446079,
            "max": 254618252.63882688,
            "count": 500
        },
        "TetrisAgent.Policy.LearningRate.mean": {
            "value": 2.168799277399886e-07,
            "min": 2.168799277399886e-07,
            "max": 0.0002996585901138033,
            "count": 500
        },
        "TetrisAgent.Policy.Epsilon.mean": {
            "value": 0.10007226,
            "min": 0.10007226,
            "max": 0.19988619666666665,
            "count": 500
        },
        "TetrisAgent.Policy.Beta.mean": {
            "value": 1.0354073999999985e-05,
            "min": 1.0354073999999985e-05,
            "max": 0.0004994423636666668,
            "count": 500
        },
        "TetrisAgent.Environment.CumulativeReward.mean": {
            "value": -138820.91725264656,
            "min": -574175.8776855469,
            "max": -59687.56328037807,
            "count": 500
        },
        "TetrisAgent.Policy.ExtrinsicReward.mean": {
            "value": -138820.91725264656,
            "min": -574175.8776855469,
            "max": -59687.56328037807,
            "count": 500
        },
        "TetrisAgent.IsTraining.mean": {
            "value": 1.0,
            "min": 1.0,
            "max": 1.0,
            "count": 500
        }
    },
    "metadata": {
        "timer_format_version": "0.1.0",
        "start_time_seconds": "1606715378",
        "python_version": "3.8.5 (tags/v3.8.5:580fbb0, Jul 20 2020, 15:57:54) [MSC v.1924 64 bit (AMD64)]",
        "command_line_arguments": "D:\\Python\\Scripts\\mlagents-learn config/tetrisagent_config.yaml --run-id=TetrisAI-night7",
        "mlagents_version": "0.22.0",
        "mlagents_envs_version": "0.22.0",
        "communication_protocol_version": "1.2.0",
        "pytorch_version": "1.7.0+cu110",
        "numpy_version": "1.19.4",
        "end_time_seconds": "1606733833"
    },
    "total": 18454.3517036,
    "count": 1,
    "self": 0.1916112000035355,
    "children": {
        "run_training.setup": {
            "total": 0.01018489999999983,
            "count": 1,
            "self": 0.01018489999999983
        },
        "TrainerController.start_learning": {
            "total": 18454.1499075,
            "count": 1,
            "self": 35.829198500712664,
            "children": {
                "TrainerController._reset_env": {
                    "total": 7.211600600000001,
                    "count": 1,
                    "self": 7.211600600000001
                },
                "TrainerController.advance": {
                    "total": 18411.007932399287,
                    "count": 1252115,
                    "self": 15.676746400531556,
                    "children": {
                        "env_step": {
                            "total": 18395.331185998755,
                            "count": 1252115,
                            "self": 12631.846745099741,
                            "children": {
                                "SubprocessEnvManager._take_step": {
                                    "total": 5746.879781501146,
                                    "count": 1252115,
                                    "self": 90.91698290087425,
                                    "children": {
                                        "TorchPolicy.evaluate": {
                                            "total": 5655.9627986002715,
                                            "count": 1252115,
                                            "self": 947.0776233995739,
                                            "children": {
                                                "TorchPolicy.sample_actions": {
                                                    "total": 4708.885175200698,
                                                    "count": 1252115,
                                                    "self": 4708.885175200698
                                                }
                                            }
                                        }
                                    }
                                },
                                "workers": {
                                    "total": 16.604659397869387,
                                    "count": 1252115,
                                    "self": 0.0,
                                    "children": {
                                        "worker_root": {
                                            "total": 18406.50399609957,
                                            "count": 1252115,
                                            "is_parallel": true,
                                            "self": 7618.513551599706,
                                            "children": {
                                                "steps_from_proto": {
                                                    "total": 0.0006585999999995096,
                                                    "count": 1,
                                                    "is_parallel": true,
                                                    "self": 0.00014109999999956102,
                                                    "children": {
                                                        "_process_vector_observation": {
                                                            "total": 0.0005174999999999486,
                                                            "count": 2,
                                                            "is_parallel": true,
                                                            "self": 0.0005174999999999486
                                                        }
                                                    }
                                                },
                                                "UnityEnvironment.step": {
                                                    "total": 10787.989785899865,
                                                    "count": 1252115,
                                                    "is_parallel": true,
                                                    "self": 102.82024649826235,
                                                    "children": {
                                                        "UnityEnvironment._generate_step_input": {
                                                            "total": 260.83012200016657,
                                                            "count": 1252115,
                                                            "is_parallel": true,
                                                            "self": 260.83012200016657
                                                        },
                                                        "communicator.exchange": {
                                                            "total": 9790.971458101114,
                                                            "count": 1252115,
                                                            "is_parallel": true,