{
    "name": "root",
    "gauges": {
        "TetrisAgent.Policy.Entropy.mean": {
            "value": 1.3617733716964722,
            "min": 1.3617733716964722,
            "max": 1.3971235752105713,
            "count": 12
        },
        "TetrisAgent.Environment.EpisodeLength.mean": {
            "value": 93.91428571428571,
            "min": 93.91428571428571,
            "max": 251.9512195121951,
            "count": 12
        },
        "TetrisAgent.Policy.ExtrinsicValueEstimate.mean": {
            "value": -4419.39111328125,
            "min": -18426.923828125,
            "max": -4419.39111328125,
            "count": 12
        },
        "TetrisAgent.Environment.CumulativeReward.mean": {
            "value": -6297.009433962264,
            "min": -72974.4,
            "max": -6297.009433962264,
            "count": 12
        },
        "TetrisAgent.Policy.ExtrinsicReward.mean": {
            "value": -6297.009433962264,
            "min": -72974.4,
            "max": -6297.009433962264,
            "count": 12
        },
        "TetrisAgent.Losses.PolicyLoss.mean": {
            "value": 0.20138794057279996,
            "min": 0.1910881454224296,
            "max": 0.22622616531120407,
            "count": 12
        },
        "TetrisAgent.Losses.ValueLoss.mean": {
            "value": 1460368.6764060142,
            "min": 1460368.6764060142,
            "max": 305866064.0,
            "count": 12
        },
        "TetrisAgent.Policy.LearningRate.mean": {
            "value": 0.0002192020935993111,
            "min": 0.0002192020935993111,
            "max": 0.0002823066058978,
            "count": 12
        },
        "TetrisAgent.Policy.Epsilon.mean": {
            "value": 0.17306735555555555,
            "min": 0.17306735555555555,
            "max": 0.19410219999999997,
            "count": 12
        },
        "TetrisAgent.Policy.Beta.mean": {
            "value": 0.00036803004222222223,
            "min": 0.00036803004222222223,
            "max": 0.0004711007800000001,
            "count": 12
        },
        "TetrisAgent.IsTraining.mean": {
            "value": 1.0,
            "min": 1.0,
            "max": 1.0,
            "count": 12
        }
    },
    "metadata": {
        "timer_format_version": "0.1.0",
        "start_time_seconds": "1606711906",
        "python_version": "3.8.5 (tags/v3.8.5:580fbb0, Jul 20 2020, 15:57:54) [MSC v.1924 64 bit (AMD64)]",
        "command_line_arguments": "D:\\Python\\Scripts\\mlagents-learn config/tetrisagent_config.yaml --run-id=TetrisAI-night --resume",
        "mlagents_version": "0.22.0",
        "mlagents_envs_version": "0.22.0",
        "communication_protocol_version": "1.2.0",
        "pytorch_version": "1.7.0+cu110",
        "numpy_version": "1.19.4",
        "end_time_seconds": "1606712456"
    },
    "total": 549.9998659,
    "count": 1,
    "self": 0.005188800000155425,
    "children": {
        "run_training.setup": {
            "total": 0.015101299999999984,
            "count": 1,
            "self": 0.015101299999999984
        },
        "TrainerController.start_learning": {
            "total": 549.9795757999999,
            "count": 1,
            "self": 1.845930399996064,
            "children": {
                "TrainerController._reset_env": {
                    "total": 8.8895284,
                    "count": 1,
                    "self": 8.8895284
                },
                "TrainerController.advance": {
                    "total": 539.1021889000037,
                    "count": 29724,
                    "self": 0.36996330000886246,
                    "children": {
                        "env_step": {
                            "total": 538.7322255999949,
                            "count": 29724,
                            "self": 407.6320356999957,
                            "children": {
                                "SubprocessEnvManager._take_step": {
                                    "total": 130.6924758000045,
                                    "count": 29724,
                                    "self": 2.3025284000121644,
                                    "children": {
                                        "TorchPolicy.evaluate": {
                                            "total": 128.38994739999234,
                                            "count": 29724,
                                            "self": 22.815841699988056,
                                            "children": {
                                                "TorchPolicy.sample_actions": {
                                                    "total": 105.57410570000428,
                                                    "count": 29724,
                                                    "self": 105.57410570000428
                                                }
                                            }
                                        }
                                    }
                                },
                                "workers": {
                                    "total": 0.4077140999946671,
                                    "count": 29723,
                                    "self": 0.0,
                                    "children": {
                                        "worker_root": {
                                            "total": 540.5898696999932,
                                            "count": 29723,
                                            "is_parallel": true,
                                            "self": 173.69383359999222,
                                            "children": {
                                                "steps_from_proto": {
                                                    "total": 0.0006320999999998023,
                                                    "count": 1,
                                                    "is_parallel": true,
                                                    "self": 0.0001277000000001749,
                                                    "children": {
                                                        "_process_vector_observation": {
                                                            "total": 0.0005043999999996274,
                                                            "count": 2,
                                                            "is_parallel": true,
                                                            "self": 0.0005043999999996274
                                                        }
                                                    }
                                                },
                                                "UnityEnvironment.step": {
                                                    "total": 366.89540400000095,
                                                    "count": 29723,
                                                    "is_parallel": true,
                                                    "self": 2.528255799990916,
                                                    "children": {
                                                        "UnityEnvironment._generate_step_input": {
                                                            "total": 6.643796900003915,
                                                            "count": 29723,
                                                            "is_parallel": true,
                                                            "self": 6.643796900003915
                                                        },
                                                        "communicator.exchange": {
                                                            "total": 342.3378941000081,
                                                            "count": 29723,
                                                            "is_parallel": true,