{
    "name": "root",
    "gauges": {
        "TetrisAgent.Policy.Entropy.mean": {
            "value": 1.4080654382705688,
            "min": 1.4070792198181152,
            "max": 1.4201247692108154,
            "count": 29
        },
        "TetrisAgent.Policy.ExtrinsicValueEstimate.mean": {
            "value": 0.03143424168229103,
            "min": 0.029606353491544724,
            "max": 0.7785630822181702,
            "count": 29
        },
        "TetrisAgent.Environment.EpisodeLength.mean": {
            "value": 265.8421052631579,
            "min": 204.3125,
            "max": 334.3333333333333,
            "count": 29
        },
        "TetrisAgent.Environment.CumulativeReward.mean": {
            "value": 2.8421052631578947,
            "min": 0.0,
            "max": 4.5,
            "count": 29
        },
        "TetrisAgent.Policy.ExtrinsicReward.mean": {
            "value": 2.8421052631578947,
            "min": 0.0,
            "max": 4.5,
            "count": 29
        },
        "TetrisAgent.IsTraining.mean": {
            "value": 1.0,
            "min": 1.0,
            "max": 1.0,
            "count": 29
        },
        "TetrisAgent.Losses.PolicyLoss.mean": {
            "value": 0.023919329848140478,
            "min": 0.019198766024783254,
            "max": 0.028035461148247124,
            "count": 28
        },
        "TetrisAgent.Losses.ValueLoss.mean": {
            "value": 3.1299556720256807,
            "min": 0.0002607347705634311,
            "max": 3.93512792468071,
            "count": 28
        },
        "TetrisAgent.Policy.LearningRate.mean": {
            "value": 0.0001273644575452,
            "min": 0.0001273644575452,
            "max": 0.00029381880206040003,
            "count": 28
        },
        "TetrisAgent.Policy.Epsilon.mean": {
            "value": 0.14245480000000002,
            "min": 0.14245480000000002,
            "max": 0.19793960000000002,
            "count": 28
        },
        "TetrisAgent.Policy.Beta.mean": {
            "value": 0.00212849452,
            "min": 0.00212849452,
            "max": 0.00489718604,
            "count": 28
        }
    },
    "metadata": {
        "timer_format_version": "0.1.0",
        "start_time_seconds": "1606777189",
        "python_version": "3.8.5 (tags/v3.8.5:580fbb0, Jul 20 2020, 15:57:54) [MSC v.1924 64 bit (AMD64)]",
        "command_line_arguments": "D:\\Python\\Scripts\\mlagents-learn config/tetrisagent_config.yaml --run-id=TetrisAI-day2-6x12-2 --force",
        "mlagents_version": "0.22.0",
        "mlagents_envs_version": "0.22.0",
        "communication_protocol_version": "1.2.0",
        "pytorch_version": "1.7.0+cu110",
        "numpy_version": "1.19.4",
        "end_time_seconds": "1606777972"
    },
    "total": 782.628549,
    "count": 1,
    "self": 0.11063720000004196,
    "children": {
        "run_training.setup": {
            "total": 0.008693099999999898,
            "count": 1,
            "self": 0.008693099999999898
        },
        "TrainerController.start_learning": {
            "total": 782.5092187,
            "count": 1,
            "self": 2.033914600004323,
            "children": {
                "TrainerController._reset_env": {
                    "total": 16.748176700000002,
                    "count": 1,
                    "self": 16.748176700000002
                },
                "TrainerController.advance": {
                    "total": 763.5981337999957,
                    "count": 74325,
                    "self": 0.9104740999979413,
                    "children": {
                        "env_step": {
                            "total": 762.6876596999978,
                            "count": 74325,
                            "self": 501.5423597999883,
                            "children": {
                                "SubprocessEnvManager._take_step": {
                                    "total": 260.09516389999135,
                                    "count": 74325,
                                    "self": 5.886124999990557,
                                    "children": {
                                        "TorchPolicy.evaluate": {
                                            "total": 254.2090389000008,
                                            "count": 74325,
                                            "self": 62.84031410000654,
                                            "children": {
                                                "TorchPolicy.sample_actions": {
                                                    "total": 191.36872479999425,
                                                    "count": 74325,
                                                    "self": 191.36872479999425
                                                }
                                            }
                                        }
                                    }
                                },
                                "workers": {
                                    "total": 1.050136000018135,
                                    "count": 74324,
                                    "self": 0.0,
                                    "children": {
                                        "worker_root": {
                                            "total": 764.7796791000051,
                                            "count": 74324,
                                            "is_parallel": true,
                                            "self": 347.9405232000164,
                                            "children": {
                                                "steps_from_proto": {
                                                    "total": 0.0003752999999999673,
                                                    "count": 1,
                                                    "is_parallel": true,
                                                    "self": 9.860000000116997e-05,
                                                    "children": {
                                                        "_process_vector_observation": {
                                                            "total": 0.00027669999999879735,
                                                            "count": 2,
                                                            "is_parallel": true,
                                                            "self": 0.00027669999999879735
                                                        }
                                                    }
                                                },
                                                "UnityEnvironment.step": {
                                                    "total": 416.8387805999887,
                                                    "count": 74324,
                                                    "is_parallel": true,
                                                    "self": 5.5106374999983245,
                                                    "children": {
                                                        "UnityEnvironment._generate_step_input": {
                                                            "total": 16.240248400006184,
                                                            "count": 74324,
                                                            "is_parallel": true,
                                                            "self": 16.240248400006184
                                                        },
                                                        "communicator.exchange": {
                                                            "total": 371.9407931999961,
                                                            "count": 74324,
                                                            "is_parallel": true,