{
    "name": "root",
    "gauges": {
        "TetrisAgent.Policy.Entropy.mean": {
            "value": 1.4085482358932495,
            "min": 1.4052683115005493,
            "max": 1.4153664112091064,
            "count": 9
        },
        "TetrisAgent.Policy.ExtrinsicValueEstimate.mean": {
            "value": -11174.8369140625,
            "min": -11613.044921875,
            "max": -110.40778350830078,
            "count": 9
        },
        "TetrisAgent.Losses.PolicyLoss.mean": {
            "value": 0.19794119775823948,
            "min": 0.19029210438590577,
            "max": 0.20250024816116613,
            "count": 9
        },
        "TetrisAgent.Losses.ValueLoss.mean": {
            "value": 131852802.44801018,
            "min": 74129923.89542475,
            "max": 362542290.9020072,
            "count": 9
        },
        "TetrisAgent.Policy.LearningRate.mean": {
            "value": 0.00024999211666929997,
            "min": 0.00024999211666929997,
            "max": 0.0002976854007715332,
            "count": 9
        },
        "TetrisAgent.Policy.Epsilon.mean": {
            "value": 0.1833307,
            "min": 0.1833307,
            "max": 0.1992284666666667,
            "count": 9
        },
        "TetrisAgent.Policy.Beta.mean": {
            "value": 0.00041832043000000004,
            "min": 0.00041832043000000004,
            "max": 0.0004962194866666666,
            "count": 9
        },
        "TetrisAgent.Environment.EpisodeLength.mean": {
            "value": 1074.0,
            "min": 1074.0,
            "max": 1254.625,
            "count": 9
        },
        "TetrisAgent.Environment.CumulativeReward.mean": {
            "value": -309992.37841796875,
            "min": -394562.90869140625,
            "max": -256516.9337565104,
            "count": 9
        },
        "TetrisAgent.Policy.ExtrinsicReward.mean": {
            "value": -309992.37841796875,
            "min": -394562.90869140625,
            "max": -256516.9337565104,
            "count": 9
        },
        "TetrisAgent.IsTraining.mean": {
            "value": 1.0,
            "min": 1.0,
            "max": 1.0,
            "count": 9
        }
    },
    "metadata": {
        "timer_format_version": "0.1.0",
        "start_time_seconds": "1606714660",
        "python_version": "3.8.5 (tags/v3.8.5:580fbb0, Jul 20 2020, 15:57:54) [MSC v.1924 64 bit (AMD64)]",
        "command_line_arguments": "D:\\Python\\Scripts\\mlagents-learn config/tetrisagent_config.yaml --run-id=TetrisAI-night6",
        "mlagents_version": "0.22.0",
        "mlagents_envs_version": "0.22.0",
        "communication_protocol_version": "1.2.0",
        "pytorch_version": "1.7.0+cu110",
        "numpy_version": "1.19.4",
        "end_time_seconds": "1606715346"
    },
    "total": 686.3240137,
    "count": 1,
    "self": 0.005293599999959042,
    "children": {
        "run_training.setup": {
            "total": 0.009266900000000078,
            "count": 1,
            "self": 0.009266900000000078
        },
        "TrainerController.start_learning": {
            "total": 686.3094532,
            "count": 1,
            "self": 1.748441300005311,
            "children": {
                "TrainerController._reset_env": {
                    "total": 5.5028215,
                    "count": 1,
                    "self": 5.5028215
                },
                "TrainerController.advance": {
                    "total": 678.8664914999946,
                    "count": 23811,
                    "self": 0.3714903000013692,
                    "children": {
                        "env_step": {
                            "total": 678.4950011999932,
                            "count": 23811,
                            "self": 533.3882580999739,
                            "children": {
                                "SubprocessEnvManager._take_step": {
                                    "total": 144.72470860001067,
                                    "count": 23811,
                                    "self": 2.2024614000174267,
                                    "children": {
                                        "TorchPolicy.evaluate": {
                                            "total": 142.52224719999325,
                                            "count": 23811,
                                            "self": 22.700133199991072,
                                            "children": {
                                                "TorchPolicy.sample_actions": {
                                                    "total": 119.82211400000217,
                                                    "count": 23811,
                                                    "self": 119.82211400000217
                                                }
                                            }
                                        }
                                    }
                                },
                                "workers": {
                                    "total": 0.38203450000866557,
                                    "count": 23811,
                                    "self": 0.0,
                                    "children": {
                                        "worker_root": {
                                            "total": 666.2085211000001,
                                            "count": 23811,
                                            "is_parallel": true,
                                            "self": 443.33849670000154,
                                            "children": {
                                                "steps_from_proto": {
                                                    "total": 0.0006578000000003748,
                                                    "count": 1,
                                                    "is_parallel": true,
                                                    "self": 0.00011080000000029955,
                                                    "children": {
                                                        "_process_vector_observation": {
                                                            "total": 0.0005470000000000752,
                                                            "count": 2,
                                                            "is_parallel": true,
                                                            "self": 0.0005470000000000752
                                                        }
                                                    }
                                                },
                                                "UnityEnvironment.step": {
                                                    "total": 222.86936659999853,
                                                    "count": 23811,
                                                    "is_parallel": true,
                                                    "self": 2.241252200002606,
                                                    "children": {
                                                        "UnityEnvironment._generate_step_input": {
                                                            "total": 5.762425899994889,
                                                            "count": 23811,
                                                            "is_parallel": true,
                                                            "self": 5.762425899994889
                                                        },
                                                        "communicator.exchange": {
                                                            "total": 202.14624290000307,
                                                            "count": 23811,
                                                            "is_parallel": true,