{
    "name": "root",
    "gauges": {
        "TetrisAgent.Policy.Entropy.mean": {
            "value": 1.416678786277771,
            "min": 1.416678786277771,
            "max": 1.4236254692077637,
            "count": 4
        },
        "TetrisAgent.Policy.ExtrinsicValueEstimate.mean": {
            "value": -8009.029296875,
            "min": -9646.21484375,
            "max": -2747.65771484375,
            "count": 4
        },
        "TetrisAgent.Environment.EpisodeLength.mean": {
            "value": 113.59782608695652,
            "min": 113.59782608695652,
            "max": 274.72972972972974,
            "count": 4
        },
        "TetrisAgent.Losses.PolicyLoss.mean": {
            "value": 0.19330735521528183,
            "min": 0.19330735521528183,
            "max": 0.19945024975713935,
            "count": 4
        },
        "TetrisAgent.Losses.ValueLoss.mean": {
            "value": 4019901.644494045,
            "min": 4019901.644494045,
            "max": 192979094.64374697,
            "count": 4
        },
        "TetrisAgent.Policy.LearningRate.mean": {
            "value": 0.00027918030693989995,
            "min": 0.00027918030693989995,
            "max": 0.00029683245105584997,
            "count": 4
        },
        "TetrisAgent.Policy.Epsilon.mean": {
            "value": 0.19306010000000004,
            "min": 0.19306010000000004,
            "max": 0.19894415000000004,
            "count": 4
        },
        "TetrisAgent.Policy.Beta.mean": {
            "value": 0.00046599449,
            "min": 0.00046599449,
            "max": 0.0004948263349999998,
            "count": 4
        },
        "TetrisAgent.Environment.CumulativeReward.mean": {
            "value": -13588.431034482759,
            "min": -88500.37142857142,
            "max": -13588.431034482759,
            "count": 4
        },
        "TetrisAgent.Policy.ExtrinsicReward.mean": {
            "value": -13588.431034482759,
            "min": -88500.37142857142,
            "max": -13588.431034482759,
            "count": 4
        },
        "TetrisAgent.IsTraining.mean": {
            "value": 1.0,
            "min": 1.0,
            "max": 1.0,
            "count": 4
        }
    },
    "metadata": {
        "timer_format_version": "0.1.0",
        "start_time_seconds": "1606713305",
        "python_version": "3.8.5 (tags/v3.8.5:580fbb0, Jul 20 2020, 15:57:54) [MSC v.1924 64 bit (AMD64)]",
        "command_line_arguments": "D:\\Python\\Scripts\\mlagents-learn config/tetrisagent_config.yaml --run-id=TetrisAI-night4",
        "mlagents_version": "0.22.0",
        "mlagents_envs_version": "0.22.0",
        "communication_protocol_version": "1.2.0",
        "pytorch_version": "1.7.0+cu110",
        "numpy_version": "1.19.4",
        "end_time_seconds": "1606713546"
    },
    "total": 240.54196090000002,
    "count": 1,
    "self": 0.009251500000004853,
    "children": {
        "run_training.setup": {
            "total": 0.008059299999999991,
            "count": 1,
            "self": 0.008059299999999991
        },
        "TrainerController.start_learning": {
            "total": 240.5246501,
            "count": 1,
            "self": 1.3561963999975433,
            "children": {
                "TrainerController._reset_env": {
                    "total": 7.902152000000001,
                    "count": 1,
                    "self": 7.902152000000001
                },
                "TrainerController.advance": {
                    "total": 231.10240940000244,
                    "count": 12381,
                    "self": 0.16734530000346126,
                    "children": {
                        "env_step": {
                            "total": 230.93506409999898,
                            "count": 12381,
                            "self": 173.99320020000135,
                            "children": {
                                "SubprocessEnvManager._take_step": {
                                    "total": 56.76321879999874,
                                    "count": 12381,
                                    "self": 1.022679999997436,
                                    "children": {
                                        "TorchPolicy.evaluate": {
                                            "total": 55.7405388000013,
                                            "count": 12381,
                                            "self": 10.098289700001033,
                                            "children": {
                                                "TorchPolicy.sample_actions": {
                                                    "total": 45.64224910000027,
                                                    "count": 12381,
                                                    "self": 45.64224910000027
                                                }
                                            }
                                        }
                                    }
                                },
                                "workers": {
                                    "total": 0.1786450999988869,
                                    "count": 12380,
                                    "self": 0.0,
                                    "children": {
                                        "worker_root": {
                                            "total": 232.69839990000014,
                                            "count": 12380,
                                            "is_parallel": true,
                                            "self": 76.79743040000005,
                                            "children": {
                                                "steps_from_proto": {
                                                    "total": 0.0006327000000005967,
                                                    "count": 1,
                                                    "is_parallel": true,
                                                    "self": 0.00011690000000097456,
                                                    "children": {
                                                        "_process_vector_observation": {
                                                            "total": 0.0005157999999996221,
                                                            "count": 2,
                                                            "is_parallel": true,
                                                            "self": 0.0005157999999996221
                                                        }
                                                    }
                                                },
                                                "UnityEnvironment.step": {
                                                    "total": 155.90033680000008,
                                                    "count": 12380,
                                                    "is_parallel": true,
                                                    "self": 1.0881985000005159,
                                                    "children": {
                                                        "UnityEnvironment._generate_step_input": {
                                                            "total": 2.8144395999993534,
                                                            "count": 12380,
                                                            "is_parallel": true,
                                                            "self": 2.8144395999993534
                                                        },
                                                        "communicator.exchange": {
                                                            "total": 145.54472180000135,
                                                            "count": 12380,
                                                            "is_parallel": true,